id,species,cm2,polyps,polyps_cm2,growth_form
764,AC,16,1268,79.25,tabular
663,AH,16,1355,84.6875,tabular
719,AH,16,1212,75.75,tabular
large G.,GP,16,90,5.625,massive
769,GP,16,57,3.5625,massive
733,GP,16,112,7,massive
710,GR,16,259,15.65625,massive
G1,GR,16,154,9.625,massive
G2,GR,16,151,9.4375,massive
G3,GP,16,97,6.0625,massive
G4,GR,9,90,10,massive
581,AD,16,2237,139.8125,digitate
8,AD,9,693,77,digitate
706,AS,16,997,62.3125,digitate
462,AS,16,1001,62.5625,digitate
761,AS,9,491,54.55555556,digitate
AS 1,AS,16,806,50.375,digitate
713,AD,9,686,76.22222222,digitate
144,AD,16,651,40.6875,digitate
714,AD,16,1419,88.6875,digitate
715,AL,16,2084,130.25,corymbose
593,AL,16,2452,153.25,corymbose
720,AL,16,1151,71.9375,corymbose
460,AL,16,2559,159.9375,corymbose
707,AN,16,1430,89.375,corymbose
469,AN,16,1086,67.875,corymbose
181,AN,16,766,47.875,corymbose
723,AN,16,851,53.1875,corymbose
725,AN,16,1570,98.125,corymbose
511,AI,4,138,34.5,branching
507,AI,4,393,98.25,branching
718,AL,16,2580,161.25,branching
727,AR,16,1546,96.625,branching
760,AR,16,1492,93.25,branching
502,AR,9,305,33.88888889,branching
