"colony_id","spp","species","year","area_cm2","area_cm2_next"
1,"AC","Acropora cytherea",2009,843.522517038649,2086.63891737069
1,"AC","Acropora cytherea",2010,2086.63891737069,3688.75932532154
1,"AC","Acropora cytherea",2011,3688.75932532154,1187.28379838952
1,"AC","Acropora cytherea",2012,1187.28379838952,586.723768626543
2,"AC","Acropora cytherea",2009,1096.08870470905,1687.65883128019
4,"AC","Acropora cytherea",2009,3112.10820941289,3623.33254165368
6,"AC","Acropora cytherea",2009,819.876046353304,688.219690108725
6,"AC","Acropora cytherea",2010,688.219690108725,832.732262537727
6,"AC","Acropora cytherea",2011,832.732262537727,300.45309260087
7,"AC","Acropora cytherea",2009,211.232706634816,672.322509469943
7,"AC","Acropora cytherea",2010,672.322509469943,848.363524614938
7,"AC","Acropora cytherea",2011,848.363524614938,990.256146500937
7,"AC","Acropora cytherea",2012,990.256146500937,2180.09690215005
7,"AC","Acropora cytherea",2013,2180.09690215005,2149.08896124355
8,"AC","Acropora cytherea",2009,1839.36289998882,2915.95130512634
8,"AC","Acropora cytherea",2010,2915.95130512634,2294.06852416162
8,"AC","Acropora cytherea",2011,2294.06852416162,904.201105834867
8,"AC","Acropora cytherea",2012,904.201105834867,337.547144510317
9,"AC","Acropora cytherea",2009,6771.50304484763,8771.82733792129
9,"AC","Acropora cytherea",2010,8771.82733792129,11113.9952580456
9,"AC","Acropora cytherea",2011,11113.9952580456,6727.69703156109
9,"AC","Acropora cytherea",2012,6727.69703156109,3328.20580085756
10,"AC","Acropora cytherea",2009,2395.27795877525,2858.86938493805
10,"AC","Acropora cytherea",2010,2858.86938493805,3426.84632565726
10,"AC","Acropora cytherea",2011,3426.84632565726,881.85110976357
11,"AC","Acropora cytherea",2009,708.30078569912,668.019352964927
11,"AC","Acropora cytherea",2010,668.019352964927,1153.55753992501
11,"AC","Acropora cytherea",2011,1153.55753992501,1349.22396937973
12,"AC","Acropora cytherea",2009,1177.10670529333,1617.41869837007
12,"AC","Acropora cytherea",2010,1617.41869837007,1730.02995613698
12,"AC","Acropora cytherea",2011,1730.02995613698,707.681348875976
12,"AC","Acropora cytherea",2012,707.681348875976,177.955828864327
15,"AC","Acropora cytherea",2009,1226.07109688142,1884.41077064729
15,"AC","Acropora cytherea",2010,1884.41077064729,2622.97595156502
15,"AC","Acropora cytherea",2011,2622.97595156502,1769.13653127424
15,"AC","Acropora cytherea",2012,1769.13653127424,386.419749452872
15,"AC","Acropora cytherea",2013,386.419749452872,36.987081491451
16,"AC","Acropora cytherea",2009,3607.15191944955,3069.10265313346
16,"AC","Acropora cytherea",2010,3069.10265313346,3274.62576689741
17,"AC","Acropora cytherea",2009,1506.50073133955,2326.8899005994
17,"AC","Acropora cytherea",2010,2326.8899005994,3441.18024313921
19,"AC","Acropora cytherea",2009,104.704252101521,148.428349346287
19,"AC","Acropora cytherea",2010,148.428349346287,218.103930012039
20,"AC","Acropora cytherea",2009,176.176554882806,365.378659386888
21,"AC","Acropora cytherea",2009,1898.27638535892,2827.41589747627
21,"AC","Acropora cytherea",2010,2827.41589747627,4298.51045152436
21,"AC","Acropora cytherea",2011,4298.51045152436,2689.5033363889
21,"AC","Acropora cytherea",2012,2689.5033363889,1229.83924959284
21,"AC","Acropora cytherea",2013,1229.83924959284,413.440109965363
22,"AC","Acropora cytherea",2009,616.469123120507,1164.9946349718
22,"AC","Acropora cytherea",2010,1164.9946349718,1570.39612439973
22,"AC","Acropora cytherea",2011,1570.39612439973,920.98651864111
24,"AC","Acropora cytherea",2009,2395.37700043894,2238.26024263442
24,"AC","Acropora cytherea",2010,2238.26024263442,1951.36129301108
24,"AC","Acropora cytherea",2011,1951.36129301108,2087.52051112839
25,"AC","Acropora cytherea",2009,229.389510273536,271.310189985259
26,"AC","Acropora cytherea",2009,4867.36320661858,6890.11433364911
26,"AC","Acropora cytherea",2010,6890.11433364911,6905.78969031685
29,"AC","Acropora cytherea",2009,15256.0531665217,17529.7903372089
29,"AC","Acropora cytherea",2010,17529.7903372089,7639.02020038825
29,"AC","Acropora cytherea",2011,7639.02020038825,10670.9794836487
29,"AC","Acropora cytherea",2012,10670.9794836487,10652.7759036035
29,"AC","Acropora cytherea",2013,10652.7759036035,9098.03133804692
30,"AC","Acropora cytherea",2009,3846.42719977696,720.398106376253
30,"AC","Acropora cytherea",2010,720.398106376253,830.641740536609
30,"AC","Acropora cytherea",2011,830.641740536609,951.050783630324
30,"AC","Acropora cytherea",2012,951.050783630324,426.281163569522
30,"AC","Acropora cytherea",2013,426.281163569522,73.5517570661722
32,"AC","Acropora cytherea",2010,107.910769162692,144.805290972553
33,"AC","Acropora cytherea",2010,362.526265724126,545.525898812216
33,"AC","Acropora cytherea",2011,545.525898812216,491.150602284662
34,"AC","Acropora cytherea",2010,2161.89466152717,2581.53065896627
34,"AC","Acropora cytherea",2011,2581.53065896627,2808.38713685101
34,"AC","Acropora cytherea",2012,2808.38713685101,2711.1436735491
34,"AC","Acropora cytherea",2013,2711.1436735491,2453.67433411712
35,"AD","Acropora cf. digitifera",2009,748.940849614859,421.896028102332
35,"AD","Acropora cf. digitifera",2010,421.896028102332,397.621315621207
35,"AD","Acropora cf. digitifera",2011,397.621315621207,371.714133691611
35,"AD","Acropora cf. digitifera",2012,371.714133691611,303.317076083924
35,"AD","Acropora cf. digitifera",2013,303.317076083924,197.915107324174
36,"AD","Acropora cf. digitifera",2009,577.627705986382,509.661145336446
36,"AD","Acropora cf. digitifera",2010,509.661145336446,597.170932919869
36,"AD","Acropora cf. digitifera",2011,597.170932919869,660.849360276823
36,"AD","Acropora cf. digitifera",2012,660.849360276823,682.637833571277
36,"AD","Acropora cf. digitifera",2013,682.637833571277,839.379438590754
37,"AD","Acropora cf. digitifera",2009,644.943371346592,540.568929307751
37,"AD","Acropora cf. digitifera",2010,540.568929307751,656.908493219299
37,"AD","Acropora cf. digitifera",2011,656.908493219299,740.262856633116
37,"AD","Acropora cf. digitifera",2012,740.262856633116,809.956740450579
37,"AD","Acropora cf. digitifera",2013,809.956740450579,774.207455734248
39,"AD","Acropora cf. digitifera",2009,565.610305781913,475.21618931635
39,"AD","Acropora cf. digitifera",2010,475.21618931635,409.438142007467
40,"AD","Acropora cf. digitifera",2009,791.185273763382,863.46661255306
40,"AD","Acropora cf. digitifera",2010,863.46661255306,900.137129406833
40,"AD","Acropora cf. digitifera",2011,900.137129406833,770.429307216318
40,"AD","Acropora cf. digitifera",2012,770.429307216318,296.537654049651
40,"AD","Acropora cf. digitifera",2013,296.537654049651,65.6634022915402
41,"AD","Acropora cf. digitifera",2009,294.214146559736,234.080078751729
43,"AD","Acropora cf. digitifera",2009,346.134067946341,361.179890706198
43,"AD","Acropora cf. digitifera",2010,361.179890706198,377.171067353123
43,"AD","Acropora cf. digitifera",2011,377.171067353123,280.655928475284
43,"AD","Acropora cf. digitifera",2012,280.655928475284,145.300848210019
43,"AD","Acropora cf. digitifera",2013,145.300848210019,100.094036565266
44,"AD","Acropora cf. digitifera",2009,673.754533597355,590.876307713059
44,"AD","Acropora cf. digitifera",2010,590.876307713059,433.774869046633
44,"AD","Acropora cf. digitifera",2011,433.774869046633,437.473522235927
44,"AD","Acropora cf. digitifera",2012,437.473522235927,318.095113772646
44,"AD","Acropora cf. digitifera",2013,318.095113772646,74.4087887198729
45,"AD","Acropora cf. digitifera",2009,89.9460840105586,121.160596295889
45,"AD","Acropora cf. digitifera",2010,121.160596295889,145.782113225454
45,"AD","Acropora cf. digitifera",2011,145.782113225454,169.011441718734
45,"AD","Acropora cf. digitifera",2012,169.011441718734,149.20056751868
47,"AD","Acropora cf. digitifera",2009,434.035185283544,93.5418267508498
48,"AD","Acropora cf. digitifera",2009,1288.71386142815,1449.66365393837
48,"AD","Acropora cf. digitifera",2010,1449.66365393837,1325.27051709224
48,"AD","Acropora cf. digitifera",2011,1325.27051709224,1178.02511167131
49,"AD","Acropora cf. digitifera",2009,298.745906099541,233.628516681823
49,"AD","Acropora cf. digitifera",2010,233.628516681823,142.233363026762
49,"AD","Acropora cf. digitifera",2011,142.233363026762,140.506990888913
49,"AD","Acropora cf. digitifera",2012,140.506990888913,147.042177582395
49,"AD","Acropora cf. digitifera",2013,147.042177582395,143.432052682367
51,"AD","Acropora cf. digitifera",2009,391.432701399224,438.970672509627
51,"AD","Acropora cf. digitifera",2010,438.970672509627,498.033380911719
51,"AD","Acropora cf. digitifera",2011,498.033380911719,469.779980718659
51,"AD","Acropora cf. digitifera",2012,469.779980718659,387.381740392231
51,"AD","Acropora cf. digitifera",2013,387.381740392231,351.083460088436
52,"AD","Acropora cf. digitifera",2009,419.654948159703,462.553485737991
52,"AD","Acropora cf. digitifera",2010,462.553485737991,504.760608508544
52,"AD","Acropora cf. digitifera",2011,504.760608508544,511.759245025551
52,"AD","Acropora cf. digitifera",2012,511.759245025551,515.747113833839
52,"AD","Acropora cf. digitifera",2013,515.747113833839,482.485128992474
53,"AD","Acropora cf. digitifera",2009,101.195333788606,145.092618066019
53,"AD","Acropora cf. digitifera",2010,145.092618066019,191.077199275013
53,"AD","Acropora cf. digitifera",2011,191.077199275013,243.93233449695
53,"AD","Acropora cf. digitifera",2012,243.93233449695,218.016758626352
53,"AD","Acropora cf. digitifera",2013,218.016758626352,188.529569795997
54,"AD","Acropora cf. digitifera",2009,212.681967159778,422.399837722757
54,"AD","Acropora cf. digitifera",2010,422.399837722757,463.630814356133
54,"AD","Acropora cf. digitifera",2011,463.630814356133,563.672374093946
54,"AD","Acropora cf. digitifera",2012,563.672374093946,595.627852123079
54,"AD","Acropora cf. digitifera",2013,595.627852123079,694.178951205265
55,"AD","Acropora cf. digitifera",2009,322.613543899783,510.013207168921
55,"AD","Acropora cf. digitifera",2010,510.013207168921,668.967300265506
55,"AD","Acropora cf. digitifera",2011,668.967300265506,870.821306733631
55,"AD","Acropora cf. digitifera",2012,870.821306733631,987.575928378984
55,"AD","Acropora cf. digitifera",2013,987.575928378984,1131.48566358142
56,"AD","Acropora cf. digitifera",2009,107.36706665779,121.790989002579
56,"AD","Acropora cf. digitifera",2010,121.790989002579,158.620296951373
56,"AD","Acropora cf. digitifera",2011,158.620296951373,125.31576787384
56,"AD","Acropora cf. digitifera",2012,125.31576787384,160.409119929584
56,"AD","Acropora cf. digitifera",2013,160.409119929584,220.659553586148
57,"AD","Acropora cf. digitifera",2009,519.033172807613,456.238879842353
57,"AD","Acropora cf. digitifera",2010,456.238879842353,538.735821528905
57,"AD","Acropora cf. digitifera",2011,538.735821528905,546.268501356604
57,"AD","Acropora cf. digitifera",2012,546.268501356604,535.055298523828
57,"AD","Acropora cf. digitifera",2013,535.055298523828,612.141085562642
58,"AD","Acropora cf. digitifera",2009,448.463033741947,552.673376375591
59,"AD","Acropora cf. digitifera",2009,694.623924205546,775.214491987759
59,"AD","Acropora cf. digitifera",2010,775.214491987759,758.755565010586
59,"AD","Acropora cf. digitifera",2011,758.755565010586,765.145583756345
59,"AD","Acropora cf. digitifera",2012,765.145583756345,794.392549794825
59,"AD","Acropora cf. digitifera",2013,794.392549794825,868.043855185168
60,"AD","Acropora cf. digitifera",2009,1251.73462821575,1360.01154305607
60,"AD","Acropora cf. digitifera",2010,1360.01154305607,1103.65012666028
60,"AD","Acropora cf. digitifera",2011,1103.65012666028,1261.12657000355
60,"AD","Acropora cf. digitifera",2012,1261.12657000355,1135.68161990668
60,"AD","Acropora cf. digitifera",2013,1135.68161990668,1022.06424897584
61,"AD","Acropora cf. digitifera",2009,447.089881813528,405.383261827689
61,"AD","Acropora cf. digitifera",2010,405.383261827689,365.320431890331
61,"AD","Acropora cf. digitifera",2011,365.320431890331,271.580746978463
61,"AD","Acropora cf. digitifera",2012,271.580746978463,171.124763272182
61,"AD","Acropora cf. digitifera",2013,171.124763272182,106.985465851646
62,"AD","Acropora cf. digitifera",2009,515.439736568952,226.261821671692
62,"AD","Acropora cf. digitifera",2010,226.261821671692,260.560574653308
63,"AD","Acropora cf. digitifera",2009,313.987435600112,302.550978293092
63,"AD","Acropora cf. digitifera",2010,302.550978293092,333.934138480377
63,"AD","Acropora cf. digitifera",2011,333.934138480377,353.41667502602
63,"AD","Acropora cf. digitifera",2012,353.41667502602,360.155574814493
63,"AD","Acropora cf. digitifera",2013,360.155574814493,379.631994855731
64,"AD","Acropora cf. digitifera",2009,1686.95913121982,1640.80626560843
64,"AD","Acropora cf. digitifera",2010,1640.80626560843,1722.43500938153
65,"AD","Acropora cf. digitifera",2010,19.6459513793616,18.2193761662754
65,"AD","Acropora cf. digitifera",2011,18.2193761662754,35.1600933693425
65,"AD","Acropora cf. digitifera",2012,35.1600933693425,56.0943468736942
65,"AD","Acropora cf. digitifera",2013,56.0943468736942,82.0184598448365
66,"AD","Acropora cf. digitifera",2010,481.827268397466,448.474184971278
66,"AD","Acropora cf. digitifera",2011,448.474184971278,509.986900295171
66,"AD","Acropora cf. digitifera",2012,509.986900295171,437.446764072658
66,"AD","Acropora cf. digitifera",2013,437.446764072658,450.997234315982
67,"AD","Acropora cf. digitifera",2010,453.189705549903,274.068161577675
68,"AH","Acropora hyacinthus",2009,1163.4800219431,727.153098112427
68,"AH","Acropora hyacinthus",2010,727.153098112427,306.376106932236
68,"AH","Acropora hyacinthus",2011,306.376106932236,51.5217376324227
69,"AH","Acropora hyacinthus",2009,3268.45903427177,3841.91806271249
70,"AH","Acropora hyacinthus",2009,2322.53817097785,1619.59229336887
70,"AH","Acropora hyacinthus",2010,1619.59229336887,2699.73647062461
70,"AH","Acropora hyacinthus",2011,2699.73647062461,2562.16914741879
70,"AH","Acropora hyacinthus",2012,2562.16914741879,2466.22793237771
70,"AH","Acropora hyacinthus",2013,2466.22793237771,1147.65383104168
71,"AH","Acropora hyacinthus",2009,1000.75679166616,1601.30001001178
71,"AH","Acropora hyacinthus",2010,1601.30001001178,1357.04997286019
72,"AH","Acropora hyacinthus",2009,3368.78999441297,4495.64733377773
72,"AH","Acropora hyacinthus",2010,4495.64733377773,4788.88064983817
72,"AH","Acropora hyacinthus",2011,4788.88064983817,833.871160865128
73,"AH","Acropora hyacinthus",2009,1923.36585738314,1601.65521094888
73,"AH","Acropora hyacinthus",2010,1601.65521094888,2557.59012105546
73,"AH","Acropora hyacinthus",2011,2557.59012105546,1851.01003396322
73,"AH","Acropora hyacinthus",2012,1851.01003396322,1667.44611333297
73,"AH","Acropora hyacinthus",2013,1667.44611333297,1707.62917513411
74,"AH","Acropora hyacinthus",2010,272.645381668994,312.466131951351
75,"AH","Acropora hyacinthus",2009,529.155693847724,620.278585599352
75,"AH","Acropora hyacinthus",2010,620.278585599352,791.589291396587
75,"AH","Acropora hyacinthus",2011,791.589291396587,42.8836472595859
76,"AH","Acropora hyacinthus",2009,2323.52001714696,3092.17101438949
76,"AH","Acropora hyacinthus",2010,3092.17101438949,665.393926122588
76,"AH","Acropora hyacinthus",2011,665.393926122588,769.959662575332
76,"AH","Acropora hyacinthus",2012,769.959662575332,182.520830673522
76,"AH","Acropora hyacinthus",2013,182.520830673522,236.020781121086
77,"AH","Acropora hyacinthus",2009,323.640829836563,577.488550128771
77,"AH","Acropora hyacinthus",2010,577.488550128771,982.285339069009
77,"AH","Acropora hyacinthus",2011,982.285339069009,217.859654504848
77,"AH","Acropora hyacinthus",2012,217.859654504848,170.726429651727
77,"AH","Acropora hyacinthus",2013,170.726429651727,100.859283646434
78,"AH","Acropora hyacinthus",2009,1236.7056534367,2044.49189593269
78,"AH","Acropora hyacinthus",2010,2044.49189593269,3192.84620835485
78,"AH","Acropora hyacinthus",2011,3192.84620835485,362.893500014397
79,"AH","Acropora hyacinthus",2009,189.939162739204,65.4772014724083
79,"AH","Acropora hyacinthus",2010,65.4772014724083,157.496740959095
79,"AH","Acropora hyacinthus",2011,157.496740959095,231.616395180179
80,"AH","Acropora hyacinthus",2009,6252.67856585107,8678.2943484424
80,"AH","Acropora hyacinthus",2010,8678.2943484424,10068.7578073629
81,"AH","Acropora hyacinthus",2009,10129.7004192407,9037.68786385172
82,"AH","Acropora hyacinthus",2009,452.221438066232,304.818475523925
82,"AH","Acropora hyacinthus",2010,304.818475523925,61.6912188405228
83,"AH","Acropora hyacinthus",2009,1844.57415090868,2309.3521429526
83,"AH","Acropora hyacinthus",2010,2309.3521429526,2487.7020441226
84,"AH","Acropora hyacinthus",2009,935.512172360355,424.506114081972
84,"AH","Acropora hyacinthus",2010,424.506114081972,486.367033319716
84,"AH","Acropora hyacinthus",2011,486.367033319716,262.740640656044
86,"AH","Acropora hyacinthus",2009,2798.5107940356,3213.61789804069
86,"AH","Acropora hyacinthus",2010,3213.61789804069,3377.9602208269
86,"AH","Acropora hyacinthus",2011,3377.9602208269,4059.31657868219
86,"AH","Acropora hyacinthus",2012,4059.31657868219,3051.60488812955
88,"AH","Acropora hyacinthus",2009,1329.29594066614,1335.01333296214
90,"AH","Acropora hyacinthus",2009,2630.11265535588,3288.20993320519
90,"AH","Acropora hyacinthus",2010,3288.20993320519,4056.40918667142
90,"AH","Acropora hyacinthus",2011,4056.40918667142,578.825698724625
91,"AH","Acropora hyacinthus",2009,871.743740033706,1664.89731746593
91,"AH","Acropora hyacinthus",2010,1664.89731746593,2130.80903813135
91,"AH","Acropora hyacinthus",2011,2130.80903813135,2544.13273766884
91,"AH","Acropora hyacinthus",2012,2544.13273766884,2581.57947612291
91,"AH","Acropora hyacinthus",2013,2581.57947612291,479.240557942846
92,"AH","Acropora hyacinthus",2009,3155.40463648593,3764.43905721971
92,"AH","Acropora hyacinthus",2010,3764.43905721971,3781.2466997571
93,"AH","Acropora hyacinthus",2009,1005.16933588462,2047.0594752876
93,"AH","Acropora hyacinthus",2010,2047.0594752876,3049.81913391422
93,"AH","Acropora hyacinthus",2011,3049.81913391422,1624.50231490227
94,"AH","Acropora hyacinthus",2009,2036.11595256924,2890.56868764531
94,"AH","Acropora hyacinthus",2010,2890.56868764531,3473.83518837561
94,"AH","Acropora hyacinthus",2011,3473.83518837561,3279.528713445
94,"AH","Acropora hyacinthus",2012,3279.528713445,2450.52566468568
94,"AH","Acropora hyacinthus",2013,2450.52566468568,206.954455720821
95,"AH","Acropora hyacinthus",2009,1881.41517454854,3203.91961146994
95,"AH","Acropora hyacinthus",2010,3203.91961146994,1823.48705991939
95,"AH","Acropora hyacinthus",2011,1823.48705991939,1319.89112578066
95,"AH","Acropora hyacinthus",2012,1319.89112578066,1636.13247897825
95,"AH","Acropora hyacinthus",2013,1636.13247897825,2169.85083956938
96,"AH","Acropora hyacinthus",2009,2356.74463449199,414.532825569471
96,"AH","Acropora hyacinthus",2010,414.532825569471,53.5289645518073
97,"AH","Acropora hyacinthus",2009,2739.22464298336,3898.89212423307
97,"AH","Acropora hyacinthus",2010,3898.89212423307,2553.41474954508
98,"AH","Acropora hyacinthus",2010,2624.43392832239,2441.17055883912
98,"AH","Acropora hyacinthus",2011,2441.17055883912,2272.6634156789
98,"AH","Acropora hyacinthus",2012,2272.6634156789,2418.31817881795
98,"AH","Acropora hyacinthus",2013,2418.31817881795,2481.6676507539
99,"AH","Acropora hyacinthus",2010,58.6092157728121,169.157986097638
101,"AI","Acropora intermedia",2009,5242.06175647305,5474.99590780546
101,"AI","Acropora intermedia",2010,5474.99590780546,3848.46059516251
101,"AI","Acropora intermedia",2011,3848.46059516251,515.011369270474
101,"AI","Acropora intermedia",2012,515.011369270474,120.517819181507
101,"AI","Acropora intermedia",2013,120.517819181507,34.4801179292597
104,"AI","Acropora intermedia",2009,49.1972372720061,58.1398208114453
104,"AI","Acropora intermedia",2010,58.1398208114453,94.1102518811773
106,"AI","Acropora intermedia",2009,1314.00521532946,1246.00762066046
106,"AI","Acropora intermedia",2010,1246.00762066046,870.793574547761
106,"AI","Acropora intermedia",2011,870.793574547761,1035.72411736057
108,"AI","Acropora intermedia",2009,578.84644901408,729.86907700236
108,"AI","Acropora intermedia",2010,729.86907700236,740.535413203685
108,"AI","Acropora intermedia",2011,740.535413203685,270.119289633227
109,"AI","Acropora intermedia",2009,1268.00236753893,1980.80806262935
109,"AI","Acropora intermedia",2012,742.845827267975,174.794859199434
110,"AI","Acropora intermedia",2011,520.256515171018,412.469512382742
110,"AI","Acropora intermedia",2012,412.469512382742,392.746146223543
110,"AI","Acropora intermedia",2013,392.746146223543,74.0263759684665
111,"AI","Acropora intermedia",2009,3281.55435233123,4178.39584182347
111,"AI","Acropora intermedia",2010,4178.39584182347,2396.15354054492
111,"AI","Acropora intermedia",2011,2396.15354054492,5976.24528144924
111,"AI","Acropora intermedia",2012,5976.24528144924,5074.03534412479
111,"AI","Acropora intermedia",2013,5074.03534412479,880.007044949085
112,"AI","Acropora intermedia",2009,1132.28662506818,987.129903356593
112,"AI","Acropora intermedia",2010,987.129903356593,1324.65972195039
112,"AI","Acropora intermedia",2011,1324.65972195039,999.995245212961
112,"AI","Acropora intermedia",2012,999.995245212961,597.132341881723
112,"AI","Acropora intermedia",2013,597.132341881723,640.79255310302
114,"AI","Acropora intermedia",2009,731.929232662043,1071.88128772676
114,"AI","Acropora intermedia",2010,1071.88128772676,1363.26557352328
114,"AI","Acropora intermedia",2011,1363.26557352328,1336.65837791762
114,"AI","Acropora intermedia",2012,1336.65837791762,793.061927183716
114,"AI","Acropora intermedia",2013,793.061927183716,1078.31537658536
115,"AI","Acropora intermedia",2009,370.02662791945,118.784185856245
115,"AI","Acropora intermedia",2010,118.784185856245,19.8430566971871
117,"AI","Acropora intermedia",2009,641.425284035742,441.625509454334
117,"AI","Acropora intermedia",2010,441.625509454334,311.403453689168
117,"AI","Acropora intermedia",2011,311.403453689168,61.5320125778982
117,"AI","Acropora intermedia",2012,61.5320125778982,23.3174313331274
118,"AI","Acropora intermedia",2009,1250.33024059582,45.8402705778998
119,"AI","Acropora intermedia",2009,461.271344991389,698.027149502409
119,"AI","Acropora intermedia",2010,698.027149502409,1066.80615251705
119,"AI","Acropora intermedia",2011,1066.80615251705,741.878245616264
119,"AI","Acropora intermedia",2012,741.878245616264,611.019735229094
119,"AI","Acropora intermedia",2013,611.019735229094,215.285920561965
121,"AI","Acropora intermedia",2009,70.4998523146406,46.8138907459935
121,"AI","Acropora intermedia",2010,46.8138907459935,71.9890472601207
121,"AI","Acropora intermedia",2011,71.9890472601207,201.337385957563
121,"AI","Acropora intermedia",2012,201.337385957563,161.329264476863
122,"AI","Acropora intermedia",2009,316.129171690887,35.2922960580571
123,"AI","Acropora intermedia",2010,134.345483006329,33.7012780334986
124,"AI","Acropora intermedia",2010,113.261131805425,175.804854230329
124,"AI","Acropora intermedia",2011,175.804854230329,84.9290469673156
124,"AI","Acropora intermedia",2012,84.9290469673156,91.0000256160717
124,"AI","Acropora intermedia",2013,91.0000256160717,110.344219781841
125,"AI","Acropora intermedia",2010,28.2033968724641,149.932358076182
127,"AL","Acropora spathulata",2009,281.628397043352,313.724775974562
127,"AL","Acropora spathulata",2010,313.724775974562,324.853852456439
128,"AL","Acropora spathulata",2009,1447.65009683667,1754.69068065719
128,"AL","Acropora spathulata",2010,1754.69068065719,683.091734365496
129,"AL","Acropora spathulata",2009,186.16007168645,234.453006969313
129,"AL","Acropora spathulata",2010,234.453006969313,196.027176240026
130,"AL","Acropora spathulata",2009,382.583495585912,524.698884888701
130,"AL","Acropora spathulata",2010,524.698884888701,603.435508370781
130,"AL","Acropora spathulata",2011,603.435508370781,1013.01607724665
130,"AL","Acropora spathulata",2012,1013.01607724665,829.508437325317
130,"AL","Acropora spathulata",2013,829.508437325317,818.181557211815
132,"AL","Acropora spathulata",2009,44.8841647485704,56.2595699247501
132,"AL","Acropora spathulata",2010,56.2595699247501,44.8335174860688
133,"AL","Acropora spathulata",2009,442.626218998237,499.407317759888
133,"AL","Acropora spathulata",2010,499.407317759888,372.766591377407
133,"AL","Acropora spathulata",2011,372.766591377407,283.667729213365
133,"AL","Acropora spathulata",2012,283.667729213365,248.807421327831
133,"AL","Acropora spathulata",2013,248.807421327831,80.0413266142335
134,"AL","Acropora spathulata",2009,233.117835773376,304.760821337788
134,"AL","Acropora spathulata",2010,304.760821337788,350.604238149777
135,"AL","Acropora spathulata",2009,364.576718670956,479.726518273855
135,"AL","Acropora spathulata",2010,479.726518273855,750.603575937528
135,"AL","Acropora spathulata",2011,750.603575937528,681.621369964502
135,"AL","Acropora spathulata",2012,681.621369964502,832.774454476707
135,"AL","Acropora spathulata",2013,832.774454476707,882.022635612334
136,"AL","Acropora spathulata",2009,535.4042430774,590.748363330697
136,"AL","Acropora spathulata",2010,590.748363330697,967.195082510977
136,"AL","Acropora spathulata",2011,967.195082510977,960.240530189795
136,"AL","Acropora spathulata",2012,960.240530189795,1031.37803901288
136,"AL","Acropora spathulata",2013,1031.37803901288,1213.73507736212
137,"AL","Acropora spathulata",2009,368.790241776363,300.412366497544
137,"AL","Acropora spathulata",2010,300.412366497544,277.599647155951
138,"AL","Acropora spathulata",2009,137.230138290825,47.7869762191812
138,"AL","Acropora spathulata",2010,47.7869762191812,10.6883478964762
139,"AL","Acropora spathulata",2009,383.828049845511,568.606949730224
139,"AL","Acropora spathulata",2010,568.606949730224,813.557243253285
139,"AL","Acropora spathulata",2011,813.557243253285,1104.6423008018
139,"AL","Acropora spathulata",2012,1104.6423008018,751.119099651703
139,"AL","Acropora spathulata",2013,751.119099651703,55.7752056101596
140,"AL","Acropora spathulata",2009,1000.24083276497,920.589395630308
140,"AL","Acropora spathulata",2010,920.589395630308,875.857052900328
140,"AL","Acropora spathulata",2011,875.857052900328,874.988670930505
140,"AL","Acropora spathulata",2012,874.988670930505,619.235163418129
140,"AL","Acropora spathulata",2013,619.235163418129,445.000510319899
141,"AL","Acropora spathulata",2009,235.688702564142,292.25068700629
141,"AL","Acropora spathulata",2010,292.25068700629,313.493408092696
141,"AL","Acropora spathulata",2011,313.493408092696,205.467076983052
141,"AL","Acropora spathulata",2012,205.467076983052,144.549252847799
141,"AL","Acropora spathulata",2013,144.549252847799,62.1740031124627
142,"AL","Acropora spathulata",2009,361.062445429538,311.03320791668
142,"AL","Acropora spathulata",2010,311.03320791668,418.438756249826
142,"AL","Acropora spathulata",2011,418.438756249826,449.505415540014
142,"AL","Acropora spathulata",2012,449.505415540014,504.558614557014
142,"AL","Acropora spathulata",2013,504.558614557014,576.07485387155
143,"AL","Acropora spathulata",2009,131.264625578404,182.578948438554
144,"AL","Acropora spathulata",2009,387.756709626264,268.732260345676
145,"AL","Acropora spathulata",2009,307.336310674089,321.863983727645
145,"AL","Acropora spathulata",2010,321.863983727645,358.738382048647
145,"AL","Acropora spathulata",2011,358.738382048647,374.414748980772
145,"AL","Acropora spathulata",2012,374.414748980772,190.315904296332
146,"AL","Acropora spathulata",2009,227.943451601477,413.52095157025
146,"AL","Acropora spathulata",2010,413.52095157025,581.68931349941
146,"AL","Acropora spathulata",2011,581.68931349941,274.626053673303
147,"AL","Acropora spathulata",2009,344.923639776988,329.390491337514
147,"AL","Acropora spathulata",2010,329.390491337514,342.555183625225
147,"AL","Acropora spathulata",2011,342.555183625225,240.250626224005
147,"AL","Acropora spathulata",2012,240.250626224005,13.5598493363817
148,"AL","Acropora spathulata",2009,273.490170673787,330.605923841627
148,"AL","Acropora spathulata",2010,330.605923841627,362.982613251606
148,"AL","Acropora spathulata",2011,362.982613251606,389.919890394689
148,"AL","Acropora spathulata",2012,389.919890394689,385.811507107097
148,"AL","Acropora spathulata",2013,385.811507107097,449.464893775816
151,"AL","Acropora spathulata",2009,418.225127321614,434.581872030012
151,"AL","Acropora spathulata",2010,434.581872030012,403.820724441122
151,"AL","Acropora spathulata",2011,403.820724441122,312.762511715866
152,"AL","Acropora spathulata",2009,407.848601122509,546.619341844742
152,"AL","Acropora spathulata",2010,546.619341844742,776.325107567111
152,"AL","Acropora spathulata",2011,776.325107567111,480.070720584288
152,"AL","Acropora spathulata",2012,480.070720584288,506.85555156467
152,"AL","Acropora spathulata",2013,506.85555156467,506.735124393609
154,"AL","Acropora spathulata",2009,313.198563071162,555.150997400354
154,"AL","Acropora spathulata",2010,555.150997400354,957.435799423996
154,"AL","Acropora spathulata",2011,957.435799423996,1195.72935337907
154,"AL","Acropora spathulata",2012,1195.72935337907,331.4901687591
155,"AL","Acropora spathulata",2009,320.799056683574,308.66747439887
155,"AL","Acropora spathulata",2010,308.66747439887,367.236570322661
155,"AL","Acropora spathulata",2011,367.236570322661,401.44733388587
156,"AL","Acropora spathulata",2009,146.194984796637,264.651631298191
156,"AL","Acropora spathulata",2010,264.651631298191,379.58406640618
156,"AL","Acropora spathulata",2011,379.58406640618,335.223854128123
156,"AL","Acropora spathulata",2012,335.223854128123,196.245996830498
156,"AL","Acropora spathulata",2013,196.245996830498,21.7491285071334
157,"AL","Acropora spathulata",2009,1421.82892010726,1865.7539134809
157,"AL","Acropora spathulata",2010,1865.7539134809,2358.74882579576
157,"AL","Acropora spathulata",2011,2358.74882579576,79.8912482588296
158,"AL","Acropora spathulata",2010,222.661153157738,281.706455999234
158,"AL","Acropora spathulata",2011,281.706455999234,284.940085563439
159,"AL","Acropora spathulata",2010,526.675979230896,603.734051588167
159,"AL","Acropora spathulata",2011,603.734051588167,785.217179941377
159,"AL","Acropora spathulata",2012,785.217179941377,320.014145207779
159,"AL","Acropora spathulata",2013,320.014145207779,197.340277489652
160,"AM","Acropora millepora",2009,327.789715472581,87.3302998699706
160,"AM","Acropora millepora",2010,87.3302998699706,82.1528368198852
160,"AM","Acropora millepora",2011,82.1528368198852,49.7037181184229
160,"AM","Acropora millepora",2012,49.7037181184229,23.867654123144
161,"AM","Acropora millepora",2009,189.994623880396,144.073759227294
161,"AM","Acropora millepora",2010,144.073759227294,247.664902457207
161,"AM","Acropora millepora",2011,247.664902457207,204.32472979445
163,"AM","Acropora millepora",2009,251.96665943094,231.607701302202
163,"AM","Acropora millepora",2010,231.607701302202,225.34947377278
164,"AM","Acropora millepora",2009,59.5648364824795,53.6541374889038
164,"AM","Acropora millepora",2010,53.6541374889038,24.7556997804886
165,"AM","Acropora millepora",2009,220.639315033308,47.9162219824183
165,"AM","Acropora millepora",2010,47.9162219824183,41.4132983779562
165,"AM","Acropora millepora",2011,41.4132983779562,30.663999996361
166,"AM","Acropora millepora",2009,260.221133955786,245.260294209373
166,"AM","Acropora millepora",2010,245.260294209373,304.063480042906
166,"AM","Acropora millepora",2011,304.063480042906,221.043450401051
166,"AM","Acropora millepora",2012,221.043450401051,29.4871299873099
167,"AM","Acropora millepora",2009,524.591012020381,626.584800449614
167,"AM","Acropora millepora",2010,626.584800449614,770.402589471234
168,"AM","Acropora millepora",2009,263.578256947708,175.685286769348
168,"AM","Acropora millepora",2010,175.685286769348,58.6746192031106
169,"AM","Acropora millepora",2009,489.166211943275,517.735060563889
169,"AM","Acropora millepora",2010,517.735060563889,781.872351888343
169,"AM","Acropora millepora",2011,781.872351888343,444.4200708976
170,"AM","Acropora millepora",2009,599.008420455827,549.910164123474
170,"AM","Acropora millepora",2010,549.910164123474,273.766524745916
170,"AM","Acropora millepora",2011,273.766524745916,125.024064542741
172,"AM","Acropora millepora",2009,272.276844350277,299.622344115385
173,"AM","Acropora millepora",2009,562.379060237494,289.561813943462
173,"AM","Acropora millepora",2010,289.561813943462,350.38102361769
173,"AM","Acropora millepora",2011,350.38102361769,37.0034552111231
174,"AM","Acropora millepora",2009,1268.62910101461,1390.67194851104
174,"AM","Acropora millepora",2010,1390.67194851104,1434.02143688213
174,"AM","Acropora millepora",2011,1434.02143688213,1022.47283534521
174,"AM","Acropora millepora",2012,1022.47283534521,26.0185214503028
175,"AL","Acropora spathulata",2009,139.250334357185,297.430032863535
175,"AL","Acropora spathulata",2010,297.430032863535,424.57416989544
175,"AL","Acropora spathulata",2011,424.57416989544,579.422172666755
175,"AL","Acropora spathulata",2012,579.422172666755,780.239836444646
175,"AL","Acropora spathulata",2013,780.239836444646,478.03307411868
177,"AM","Acropora millepora",2009,393.100584920904,283.169757414
178,"AM","Acropora millepora",2009,297.19404771783,302.806384596129
178,"AM","Acropora millepora",2010,302.806384596129,378.296726861388
179,"AM","Acropora millepora",2009,301.567923166078,321.82217332542
179,"AM","Acropora millepora",2010,321.82217332542,307.130073205029
179,"AM","Acropora millepora",2011,307.130073205029,307.112647919492
182,"AM","Acropora millepora",2009,98.1894616556312,173.758542429147
182,"AM","Acropora millepora",2010,173.758542429147,309.621074307261
182,"AM","Acropora millepora",2011,309.621074307261,394.242082318323
182,"AM","Acropora millepora",2012,394.242082318323,360.006822015672
182,"AM","Acropora millepora",2013,360.006822015672,235.669369119439
183,"AM","Acropora millepora",2009,132.363745888267,227.50600434039
183,"AM","Acropora millepora",2010,227.50600434039,309.547513468734
183,"AM","Acropora millepora",2011,309.547513468734,190.221859240337
183,"AM","Acropora millepora",2012,190.221859240337,173.107051651712
184,"AM","Acropora millepora",2009,120.714391186802,199.911135704558
184,"AM","Acropora millepora",2010,199.911135704558,169.701366583061
185,"AM","Acropora millepora",2009,192.9096431301,86.2505326987793
186,"AM","Acropora millepora",2009,186.525253410654,215.166767935754
186,"AM","Acropora millepora",2010,215.166767935754,264.530468971586
186,"AM","Acropora millepora",2011,264.530468971586,112.329843860853
187,"AM","Acropora millepora",2009,250.392254668678,350.784005445777
187,"AM","Acropora millepora",2010,350.784005445777,227.647228313434
188,"AM","Acropora millepora",2009,356.034225861123,281.886073334391
188,"AM","Acropora millepora",2010,281.886073334391,202.630651063505
188,"AM","Acropora millepora",2011,202.630651063505,48.7407243618191
191,"AN","Acropora nasuta",2009,518.359440022052,382.817726441644
191,"AN","Acropora nasuta",2010,382.817726441644,303.448966220151
191,"AN","Acropora nasuta",2011,303.448966220151,523.79041111139
191,"AN","Acropora nasuta",2012,523.79041111139,339.561847902072
192,"AN","Acropora nasuta",2009,858.642512747707,1114.56358545041
192,"AN","Acropora nasuta",2010,1114.56358545041,1275.79164682949
193,"AN","Acropora nasuta",2009,648.593921859047,701.233526676823
193,"AN","Acropora nasuta",2010,701.233526676823,746.538094744683
193,"AN","Acropora nasuta",2011,746.538094744683,470.749841090067
194,"AN","Acropora nasuta",2009,216.456256845166,258.569561631525
194,"AN","Acropora nasuta",2010,258.569561631525,200.220681321069
194,"AN","Acropora nasuta",2011,200.220681321069,159.835700621178
194,"AN","Acropora nasuta",2012,159.835700621178,36.5546106543865
195,"AN","Acropora nasuta",2009,339.35191442486,308.32211038787
195,"AN","Acropora nasuta",2010,308.32211038787,137.096659466053
196,"AN","Acropora nasuta",2009,323.152682245936,495.296806765296
196,"AN","Acropora nasuta",2010,495.296806765296,455.825525454971
196,"AN","Acropora nasuta",2011,455.825525454971,298.889882348794
196,"AN","Acropora nasuta",2012,298.889882348794,214.274107610286
196,"AN","Acropora nasuta",2013,214.274107610286,97.0178759995816
197,"AN","Acropora nasuta",2009,302.845699129462,411.575079835294
197,"AN","Acropora nasuta",2010,411.575079835294,508.850231730376
197,"AN","Acropora nasuta",2011,508.850231730376,192.610139994349
197,"AN","Acropora nasuta",2012,192.610139994349,269.835321841535
197,"AN","Acropora nasuta",2013,269.835321841535,435.571860935528
198,"AN","Acropora nasuta",2009,640.183288606589,526.829693732829
198,"AN","Acropora nasuta",2010,526.829693732829,327.691114586337
198,"AN","Acropora nasuta",2011,327.691114586337,297.110657131571
199,"AN","Acropora nasuta",2009,233.963257401931,92.6398116626401
199,"AN","Acropora nasuta",2010,92.6398116626401,218.516612122206
199,"AN","Acropora nasuta",2011,218.516612122206,333.147617470739
199,"AN","Acropora nasuta",2012,333.147617470739,402.183308677697
199,"AN","Acropora nasuta",2013,402.183308677697,544.422165589292
201,"AN","Acropora nasuta",2009,616.848725932284,576.24243332349
201,"AN","Acropora nasuta",2010,576.24243332349,261.578786837045
201,"AN","Acropora nasuta",2011,261.578786837045,153.419844501896
203,"AN","Acropora nasuta",2009,150.357584259459,178.050010746698
203,"AN","Acropora nasuta",2010,178.050010746698,180.123539397433
203,"AN","Acropora nasuta",2011,180.123539397433,203.230364294533
203,"AN","Acropora nasuta",2012,203.230364294533,65.7640784586929
204,"AN","Acropora nasuta",2009,1087.99726405235,1052.14192090092
204,"AN","Acropora nasuta",2010,1052.14192090092,1266.95103149252
205,"AN","Acropora nasuta",2009,316.79208255664,299.093957171154
207,"AN","Acropora nasuta",2009,235.663449256332,151.760038790205
208,"AN","Acropora nasuta",2009,177.063601613931,221.807127361065
208,"AN","Acropora nasuta",2010,221.807127361065,385.80033856564
209,"AN","Acropora nasuta",2009,807.95417516532,559.994857608662
211,"AN","Acropora nasuta",2009,204.047867482572,96.2095834974342
213,"AN","Acropora nasuta",2009,150.757128609039,235.104900995376
214,"AN","Acropora nasuta",2009,672.6934100649,990.565139634522
214,"AN","Acropora nasuta",2010,990.565139634522,1123.04703520684
214,"AN","Acropora nasuta",2011,1123.04703520684,1081.00845782499
217,"AN","Acropora nasuta",2009,229.609998600635,228.477483182193
217,"AN","Acropora nasuta",2010,228.477483182193,81.2072849498668
217,"AN","Acropora nasuta",2011,81.2072849498668,15.4510568063209
218,"AN","Acropora nasuta",2009,538.766964974378,383.639647002965
218,"AN","Acropora nasuta",2010,383.639647002965,392.271198058586
218,"AN","Acropora nasuta",2011,392.271198058586,437.958986333509
219,"AN","Acropora nasuta",2009,618.815061147526,545.402962805272
219,"AN","Acropora nasuta",2010,545.402962805272,605.308452316786
219,"AN","Acropora nasuta",2011,605.308452316786,679.39803782989
219,"AN","Acropora nasuta",2012,679.39803782989,194.228193884444
220,"AN","Acropora nasuta",2009,296.77506204067,178.521191013949
220,"AN","Acropora nasuta",2010,178.521191013949,234.316214854329
220,"AN","Acropora nasuta",2011,234.316214854329,346.095612309098
220,"AN","Acropora nasuta",2012,346.095612309098,297.578429913823
220,"AN","Acropora nasuta",2013,297.578429913823,360.738839611054
221,"AN","Acropora nasuta",2009,323.363506510579,460.241738215532
221,"AN","Acropora nasuta",2010,460.241738215532,577.627530869456
221,"AN","Acropora nasuta",2011,577.627530869456,321.932567202809
222,"AN","Acropora nasuta",2009,630.49049452993,576.551678641271
222,"AN","Acropora nasuta",2010,576.551678641271,637.767164357595
223,"AN","Acropora nasuta",2009,438.524437736556,516.757303695374
223,"AN","Acropora nasuta",2010,516.757303695374,465.401327462
224,"AN","Acropora nasuta",2009,223.14349282239,372.964492119804
224,"AN","Acropora nasuta",2010,372.964492119804,434.95515270665
224,"AN","Acropora nasuta",2011,434.95515270665,275.051185826847
225,"AN","Acropora nasuta",2009,733.280493506711,742.867452171402
225,"AN","Acropora nasuta",2010,742.867452171402,786.812360862968
225,"AN","Acropora nasuta",2011,786.812360862968,819.900244498777
226,"AN","Acropora nasuta",2009,519.888366712526,463.730849038218
226,"AN","Acropora nasuta",2010,463.730849038218,250.945749030517
227,"AN","Acropora nasuta",2009,597.978241922568,620.229774848535
227,"AN","Acropora nasuta",2010,620.229774848535,436.300200534193
228,"AN","Acropora nasuta",2009,535.846398346286,507.484831113322
228,"AN","Acropora nasuta",2010,507.484831113322,548.079367175858
229,"AN","Acropora nasuta",2009,796.357718536888,753.934893825474
229,"AN","Acropora nasuta",2010,753.934893825474,872.282150155044
230,"AN","Acropora nasuta",2009,1065.19380338636,1132.87021981615
230,"AN","Acropora nasuta",2010,1132.87021981615,1045.70863365422
230,"AN","Acropora nasuta",2011,1045.70863365422,743.405590852493
231,"AN","Acropora nasuta",2010,783.89973019273,889.878940303112
231,"AN","Acropora nasuta",2011,889.878940303112,365.282457679072
232,"AN","Acropora nasuta",2010,112.176344026795,173.142753520728
232,"AN","Acropora nasuta",2011,173.142753520728,289.085655658454
232,"AN","Acropora nasuta",2012,289.085655658454,394.950351011672
232,"AN","Acropora nasuta",2013,394.950351011672,660.388362952935
233,"AN","Acropora nasuta",2010,489.753895526158,28.9592173633612
235,"AN","Acropora nasuta",2010,108.506023199111,171.028562903799
235,"AN","Acropora nasuta",2011,171.028562903799,116.97850477837
236,"AR","Acropora robusta",2009,771.045085607349,961.670324012014
236,"AR","Acropora robusta",2010,961.670324012014,666.834923169257
236,"AR","Acropora robusta",2011,666.834923169257,302.41402219398
236,"AR","Acropora robusta",2012,302.41402219398,279.822380190811
236,"AR","Acropora robusta",2013,279.822380190811,75.4183960049051
237,"AR","Acropora robusta",2009,414.573990585472,551.719727880722
237,"AR","Acropora robusta",2010,551.719727880722,875.856681566876
237,"AR","Acropora robusta",2011,875.856681566876,742.86701294599
237,"AR","Acropora robusta",2012,742.86701294599,600.111828234796
237,"AR","Acropora robusta",2013,600.111828234796,684.972410668847
238,"AR","Acropora robusta",2009,566.9885674069,545.360905218833
238,"AR","Acropora robusta",2010,545.360905218833,756.435220706162
239,"AR","Acropora robusta",2009,353.579928816299,448.709537280426
239,"AR","Acropora robusta",2010,448.709537280426,758.496001879772
239,"AR","Acropora robusta",2011,758.496001879772,376.655895227769
239,"AR","Acropora robusta",2012,376.655895227769,299.193880566896
241,"AR","Acropora robusta",2009,536.396676479922,582.70468383428
241,"AR","Acropora robusta",2010,582.70468383428,712.764146648955
241,"AR","Acropora robusta",2011,712.764146648955,703.536769858858
241,"AR","Acropora robusta",2012,703.536769858858,503.379188167523
241,"AR","Acropora robusta",2013,503.379188167523,579.209973286135
242,"AR","Acropora robusta",2009,192.355267749816,103.799231610373
242,"AR","Acropora robusta",2010,103.799231610373,170.375025194827
243,"AR","Acropora robusta",2009,1059.73418297678,833.173251155203
243,"AR","Acropora robusta",2010,833.173251155203,1013.79487821064
244,"AR","Acropora robusta",2009,3278.00825939555,2674.23518227999
244,"AR","Acropora robusta",2010,2674.23518227999,3291.43924450271
244,"AR","Acropora robusta",2011,3291.43924450271,2008.65005827237
244,"AR","Acropora robusta",2012,2008.65005827237,1452.55210467163
244,"AR","Acropora robusta",2013,1452.55210467163,1841.89298490198
245,"AR","Acropora robusta",2009,149.918953225742,281.510803200724
245,"AR","Acropora robusta",2010,281.510803200724,182.434747656409
246,"AR","Acropora robusta",2009,2489.87283854117,1042.75847820696
246,"AR","Acropora robusta",2010,1042.75847820696,1215.84312816329
246,"AR","Acropora robusta",2011,1215.84312816329,1523.27550546732
246,"AR","Acropora robusta",2012,1523.27550546732,1456.64867914055
246,"AR","Acropora robusta",2013,1456.64867914055,1469.42826757254
247,"AR","Acropora robusta",2009,2139.89907485282,2722.20348245581
247,"AR","Acropora robusta",2010,2722.20348245581,2938.71946071265
247,"AR","Acropora robusta",2011,2938.71946071265,2422.27197921095
247,"AR","Acropora robusta",2012,2422.27197921095,395.816136798024
247,"AR","Acropora robusta",2013,395.816136798024,175.830012677785
248,"AR","Acropora robusta",2009,705.762779942374,1263.53099108124
248,"AR","Acropora robusta",2010,1263.53099108124,1553.52648848884
248,"AR","Acropora robusta",2011,1553.52648848884,1405.49848778516
248,"AR","Acropora robusta",2012,1405.49848778516,1107.46900571872
248,"AR","Acropora robusta",2013,1107.46900571872,1581.11616203283
249,"AR","Acropora robusta",2009,1949.62042187166,1327.5729875797
249,"AR","Acropora robusta",2010,1327.5729875797,1443.34835026721
249,"AR","Acropora robusta",2011,1443.34835026721,1108.85852921846
249,"AR","Acropora robusta",2012,1108.85852921846,368.499604367447
249,"AR","Acropora robusta",2013,368.499604367447,378.383881902166
250,"AR","Acropora robusta",2009,534.572649740323,29.7541084888175
250,"AR","Acropora robusta",2010,29.7541084888175,57.267048748354
251,"AR","Acropora robusta",2009,7505.18388356023,10219.0594059406
251,"AR","Acropora robusta",2010,10219.0594059406,8486.18989585641
252,"AR","Acropora robusta",2009,237.08493987772,495.996370047587
252,"AR","Acropora robusta",2010,495.996370047587,621.167773519471
252,"AR","Acropora robusta",2011,621.167773519471,662.715900394129
252,"AR","Acropora robusta",2012,662.715900394129,340.981483296383
252,"AR","Acropora robusta",2013,340.981483296383,149.637510947697
253,"AR","Acropora robusta",2009,2918.551985077,3019.19802301267
253,"AR","Acropora robusta",2010,3019.19802301267,2897.81262159183
253,"AR","Acropora robusta",2011,2897.81262159183,1030.74500800904
253,"AR","Acropora robusta",2012,1030.74500800904,1014.48383210006
253,"AR","Acropora robusta",2013,1014.48383210006,927.6428494927
254,"AR","Acropora robusta",2009,363.905221089648,443.635646266493
254,"AR","Acropora robusta",2010,443.635646266493,460.447498202094
255,"AR","Acropora robusta",2009,773.388606083723,1339.7613500306
255,"AR","Acropora robusta",2010,1339.7613500306,1541.53998652482
255,"AR","Acropora robusta",2011,1541.53998652482,1108.8004619908
255,"AR","Acropora robusta",2012,1108.8004619908,378.163357337242
255,"AR","Acropora robusta",2013,378.163357337242,76.178041364279
256,"AR","Acropora robusta",2009,396.718472901514,511.178178743034
256,"AR","Acropora robusta",2010,511.178178743034,188.220666516766
256,"AR","Acropora robusta",2011,188.220666516766,60.0870892173657
257,"AR","Acropora robusta",2009,1233.04134851065,1913.96970466277
259,"AR","Acropora robusta",2009,890.629484177932,1076.6048637833
259,"AR","Acropora robusta",2010,1076.6048637833,1080.2586369036
259,"AR","Acropora robusta",2011,1080.2586369036,1031.2180783031
259,"AR","Acropora robusta",2012,1031.2180783031,1070.99264876407
259,"AR","Acropora robusta",2013,1070.99264876407,1413.06567144699
260,"AR","Acropora robusta",2009,595.000237082122,643.370713145314
260,"AR","Acropora robusta",2010,643.370713145314,650.386224372312
260,"AR","Acropora robusta",2011,650.386224372312,673.291962092459
260,"AR","Acropora robusta",2012,673.291962092459,574.24923942369
260,"AR","Acropora robusta",2013,574.24923942369,671.954314271583
261,"AR","Acropora robusta",2009,9452.90831254482,8704.32391544343
261,"AR","Acropora robusta",2010,8704.32391544343,8146.00860528774
261,"AR","Acropora robusta",2011,8146.00860528774,9006.3481093087
261,"AR","Acropora robusta",2012,9006.3481093087,8524.42934918631
261,"AR","Acropora robusta",2013,8524.42934918631,10214.2416875665
262,"AR","Acropora robusta",2009,827.981054602029,798.772116437896
262,"AR","Acropora robusta",2010,798.772116437896,762.47325460248
262,"AR","Acropora robusta",2011,762.47325460248,844.021630012491
262,"AR","Acropora robusta",2012,844.021630012491,547.19008579985
262,"AR","Acropora robusta",2013,547.19008579985,570.774672571985
263,"AR","Acropora robusta",2009,322.142849818481,608.167958937126
263,"AR","Acropora robusta",2010,608.167958937126,373.084856051235
263,"AR","Acropora robusta",2011,373.084856051235,207.392454954604
263,"AR","Acropora robusta",2012,207.392454954604,160.131803437829
263,"AR","Acropora robusta",2013,160.131803437829,228.296271197499
264,"AR","Acropora robusta",2009,639.703715094845,714.359964647027
264,"AR","Acropora robusta",2010,714.359964647027,400.875938355576
265,"AR","Acropora robusta",2009,379.588476098555,245.529261725946
265,"AR","Acropora robusta",2010,245.529261725946,204.130213629556
266,"AR","Acropora robusta",2009,149.793949654912,339.090255953794
266,"AR","Acropora robusta",2010,339.090255953794,461.956164106497
267,"AS","Acropora humilis",2009,261.784717815256,174.043373425742
267,"AS","Acropora humilis",2010,174.043373425742,51.904673740451
268,"AS","Acropora humilis",2009,72.3466838515903,94.7725268239142
268,"AS","Acropora humilis",2010,94.7725268239142,126.198914109175
269,"AS","Acropora humilis",2009,166.669209981839,155.163154463575
269,"AS","Acropora humilis",2010,155.163154463575,164.478611659067
269,"AS","Acropora humilis",2011,164.478611659067,90.345086537242
269,"AS","Acropora humilis",2012,90.345086537242,88.7590744402449
269,"AS","Acropora humilis",2013,88.7590744402449,65.0028393370272
271,"AS","Acropora humilis",2009,342.59336357775,265.248328523762
271,"AS","Acropora humilis",2010,265.248328523762,272.464406673793
271,"AS","Acropora humilis",2011,272.464406673793,353.599556936516
271,"AS","Acropora humilis",2012,353.599556936516,302.31430029226
271,"AS","Acropora humilis",2013,302.31430029226,331.212061408303
272,"AS","Acropora humilis",2009,26.2536445904499,44.7212825322053
272,"AS","Acropora humilis",2010,44.7212825322053,30.1717358425403
274,"AS","Acropora humilis",2009,387.364308053092,209.992330971381
274,"AS","Acropora humilis",2010,209.992330971381,192.626809361504
275,"AS","Acropora humilis",2009,296.712804900107,477.763399590616
275,"AS","Acropora humilis",2010,477.763399590616,517.106107487232
277,"AS","Acropora humilis",2009,495.066298320158,462.396747171624
277,"AS","Acropora humilis",2010,462.396747171624,536.980786860292
277,"AS","Acropora humilis",2011,536.980786860292,471.404864080352
277,"AS","Acropora humilis",2012,471.404864080352,444.460359759806
277,"AS","Acropora humilis",2013,444.460359759806,437.426844953031
278,"AS","Acropora humilis",2009,577.767167184089,728.613664467993
278,"AS","Acropora humilis",2010,728.613664467993,730.366697065147
278,"AS","Acropora humilis",2011,730.366697065147,787.267003482172
278,"AS","Acropora humilis",2012,787.267003482172,819.415529376517
278,"AS","Acropora humilis",2013,819.415529376517,809.930396033206
280,"AS","Acropora humilis",2009,426.686999007342,361.526293882585
280,"AS","Acropora humilis",2010,361.526293882585,307.658413470806
280,"AS","Acropora humilis",2011,307.658413470806,266.963818107956
280,"AS","Acropora humilis",2012,266.963818107956,250.00733447287
280,"AS","Acropora humilis",2013,250.00733447287,110.327490852862
281,"AS","Acropora humilis",2009,192.893005169792,168.024852409715
281,"AS","Acropora humilis",2010,168.024852409715,203.56807589997
281,"AS","Acropora humilis",2011,203.56807589997,213.452241605131
281,"AS","Acropora humilis",2012,213.452241605131,180.494760129923
281,"AS","Acropora humilis",2013,180.494760129923,135.717262406066
282,"AS","Acropora humilis",2009,106.632363840152,121.083223229978
282,"AS","Acropora humilis",2010,121.083223229978,119.461869588731
282,"AS","Acropora humilis",2011,119.461869588731,100.775975406812
282,"AS","Acropora humilis",2012,100.775975406812,80.3268050287124
282,"AS","Acropora humilis",2013,80.3268050287124,4.86959439062986
283,"AS","Acropora humilis",2009,43.9378324383665,89.8632047070032
283,"AS","Acropora humilis",2010,89.8632047070032,163.628230780912
283,"AS","Acropora humilis",2011,163.628230780912,175.189190211652
283,"AS","Acropora humilis",2012,175.189190211652,235.751481530134
283,"AS","Acropora humilis",2013,235.751481530134,250.881239182657
284,"AS","Acropora humilis",2009,340.184615294398,349.597198678425
284,"AS","Acropora humilis",2010,349.597198678425,307.340280421853
285,"AS","Acropora humilis",2009,119.132273625041,161.157227074357
285,"AS","Acropora humilis",2010,161.157227074357,168.960305385336
285,"AS","Acropora humilis",2011,168.960305385336,53.7110383285443
286,"AS","Acropora humilis",2009,216.201334511878,308.649244887278
286,"AS","Acropora humilis",2010,308.649244887278,372.209434818937
286,"AS","Acropora humilis",2011,372.209434818937,384.446994047968
286,"AS","Acropora humilis",2012,384.446994047968,417.923122301998
286,"AS","Acropora humilis",2013,417.923122301998,296.362194850393
287,"AS","Acropora humilis",2009,23.9939650451766,7.55969117649275
288,"AS","Acropora humilis",2009,189.150508660656,177.74665934649
288,"AS","Acropora humilis",2010,177.74665934649,111.26247220901
288,"AS","Acropora humilis",2011,111.26247220901,102.91552999543
288,"AS","Acropora humilis",2012,102.91552999543,77.0139227118991
288,"AS","Acropora humilis",2013,77.0139227118991,44.467611503251
289,"AS","Acropora humilis",2009,116.73541991182,137.658998608305
289,"AS","Acropora humilis",2010,137.658998608305,96.0599572407566
289,"AS","Acropora humilis",2011,96.0599572407566,155.157188920135
289,"AS","Acropora humilis",2012,155.157188920135,147.383082087979
289,"AS","Acropora humilis",2013,147.383082087979,143.239405186289
290,"AS","Acropora humilis",2009,749.162594276659,702.337193784141
290,"AS","Acropora humilis",2010,702.337193784141,798.14550730546
290,"AS","Acropora humilis",2011,798.14550730546,938.072169509416
290,"AS","Acropora humilis",2012,938.072169509416,832.660777229646
290,"AS","Acropora humilis",2013,832.660777229646,963.750466820482
291,"AS","Acropora humilis",2009,471.814895924112,507.95638019991
291,"AS","Acropora humilis",2010,507.95638019991,210.916480510176
291,"AS","Acropora humilis",2011,210.916480510176,50.8129584891186
292,"AS","Acropora humilis",2009,111.795019659167,156.622041187416
292,"AS","Acropora humilis",2010,156.622041187416,135.312363327002
293,"AS","Acropora humilis",2009,275.519439504119,343.342062093348
293,"AS","Acropora humilis",2010,343.342062093348,430.491100941893
293,"AS","Acropora humilis",2011,430.491100941893,390.003777983061
294,"AS","Acropora humilis",2009,122.954429312813,206.278318743808
294,"AS","Acropora humilis",2010,206.278318743808,192.811329686938
294,"AS","Acropora humilis",2011,192.811329686938,202.46340614979
294,"AS","Acropora humilis",2012,202.46340614979,166.796662972932
294,"AS","Acropora humilis",2013,166.796662972932,187.687779939945
295,"AS","Acropora humilis",2009,464.082174139041,572.507986364437
295,"AS","Acropora humilis",2010,572.507986364437,708.886215541009
295,"AS","Acropora humilis",2011,708.886215541009,808.133514658444
295,"AS","Acropora humilis",2012,808.133514658444,758.078902544769
295,"AS","Acropora humilis",2013,758.078902544769,609.284521608913
297,"AS","Acropora humilis",2010,442.024703317995,342.18812741003
297,"AS","Acropora humilis",2011,342.18812741003,62.3106919538717
298,"GP","Goniastrea pectinata",2009,144.690064478434,136.99431198174
298,"GP","Goniastrea pectinata",2010,136.99431198174,62.8558046094786
298,"GP","Goniastrea pectinata",2011,62.8558046094786,132.200985770759
298,"GP","Goniastrea pectinata",2012,132.200985770759,141.7379974705
298,"GP","Goniastrea pectinata",2013,141.7379974705,183.516418710211
299,"GP","Goniastrea pectinata",2009,90.3844094736564,79.4637428125463
299,"GP","Goniastrea pectinata",2010,79.4637428125463,81.6710861056804
299,"GP","Goniastrea pectinata",2011,81.6710861056804,93.3030687654118
299,"GP","Goniastrea pectinata",2012,93.3030687654118,88.5591487195443
299,"GP","Goniastrea pectinata",2013,88.5591487195443,55.4446470083231
300,"GP","Goniastrea pectinata",2009,25.7280654639753,27.3555701162107
300,"GP","Goniastrea pectinata",2010,27.3555701162107,15.9816060750925
300,"GP","Goniastrea pectinata",2011,15.9816060750925,27.1107020968185
300,"GP","Goniastrea pectinata",2012,27.1107020968185,27.3926874783446
300,"GP","Goniastrea pectinata",2013,27.3926874783446,26.1711864630218
301,"GP","Goniastrea pectinata",2009,74.8628896721545,105.626947510736
301,"GP","Goniastrea pectinata",2010,105.626947510736,72.3851277867193
301,"GP","Goniastrea pectinata",2011,72.3851277867193,62.9956629055844
301,"GP","Goniastrea pectinata",2012,62.9956629055844,61.5090164142019
301,"GP","Goniastrea pectinata",2013,61.5090164142019,48.6633461033032
302,"GP","Goniastrea pectinata",2009,58.2262842828461,56.4777266959756
302,"GP","Goniastrea pectinata",2010,56.4777266959756,75.6962168680069
302,"GP","Goniastrea pectinata",2011,75.6962168680069,91.2516545776409
302,"GP","Goniastrea pectinata",2012,91.2516545776409,82.8370767731235
302,"GP","Goniastrea pectinata",2013,82.8370767731235,89.6169558487116
304,"GP","Goniastrea pectinata",2009,78.92014642195,64.9405842038837
304,"GP","Goniastrea pectinata",2010,64.9405842038837,87.4957348083419
304,"GP","Goniastrea pectinata",2011,87.4957348083419,106.5824831305
304,"GP","Goniastrea pectinata",2012,106.5824831305,86.2770102973936
305,"GP","Goniastrea pectinata",2009,125.62944524673,120.240702739818
305,"GP","Goniastrea pectinata",2010,120.240702739818,141.576255068013
305,"GP","Goniastrea pectinata",2011,141.576255068013,164.260132838588
305,"GP","Goniastrea pectinata",2012,164.260132838588,135.267931582562
305,"GP","Goniastrea pectinata",2013,135.267931582562,125.494192000489
306,"GP","Goniastrea pectinata",2009,52.7429555620006,66.057712939969
306,"GP","Goniastrea pectinata",2010,66.057712939969,97.0484346270953
306,"GP","Goniastrea pectinata",2011,97.0484346270953,93.8702917124967
306,"GP","Goniastrea pectinata",2012,93.8702917124967,92.9543067019845
306,"GP","Goniastrea pectinata",2013,92.9543067019845,111.269993621504
307,"GP","Goniastrea pectinata",2009,170.76653920999,186.618495207029
307,"GP","Goniastrea pectinata",2010,186.618495207029,166.930946664301
307,"GP","Goniastrea pectinata",2011,166.930946664301,70.2571537778228
307,"GP","Goniastrea pectinata",2012,70.2571537778228,51.7428047073329
307,"GP","Goniastrea pectinata",2013,51.7428047073329,35.1295543660399
308,"GP","Goniastrea pectinata",2009,53.9221066426407,75.8799212173465
308,"GP","Goniastrea pectinata",2010,75.8799212173465,66.6346575387015
308,"GP","Goniastrea pectinata",2011,66.6346575387015,65.2058417262082
308,"GP","Goniastrea pectinata",2012,65.2058417262082,90.6468956671436
308,"GP","Goniastrea pectinata",2013,90.6468956671436,122.884170493417
309,"GP","Goniastrea pectinata",2009,16.8384575498056,43.5242034052722
309,"GP","Goniastrea pectinata",2010,43.5242034052722,25.3713387423987
310,"GP","Goniastrea pectinata",2009,80.6764752192461,108.200620610005
310,"GP","Goniastrea pectinata",2010,108.200620610005,118.811119553088
311,"GP","Goniastrea pectinata",2009,71.0208786406975,103.385734137896
311,"GP","Goniastrea pectinata",2010,103.385734137896,66.429640056354
311,"GP","Goniastrea pectinata",2011,66.429640056354,103.127051157994
311,"GP","Goniastrea pectinata",2012,103.127051157994,128.421468572422
311,"GP","Goniastrea pectinata",2013,128.421468572422,135.129337642449
312,"GP","Goniastrea pectinata",2009,69.2408415475251,67.0906578936452
312,"GP","Goniastrea pectinata",2010,67.0906578936452,55.0105212196934
312,"GP","Goniastrea pectinata",2011,55.0105212196934,36.6979840298972
312,"GP","Goniastrea pectinata",2012,36.6979840298972,34.5018019247279
312,"GP","Goniastrea pectinata",2013,34.5018019247279,27.4941549301121
313,"GP","Goniastrea pectinata",2009,67.6465455653926,77.7033916642566
313,"GP","Goniastrea pectinata",2010,77.7033916642566,80.5926482230802
313,"GP","Goniastrea pectinata",2011,80.5926482230802,94.1352204602551
313,"GP","Goniastrea pectinata",2012,94.1352204602551,79.5125430977975
313,"GP","Goniastrea pectinata",2013,79.5125430977975,105.436368126171
314,"GP","Goniastrea pectinata",2009,254.866908122532,220.727990996825
314,"GP","Goniastrea pectinata",2010,220.727990996825,218.390090808073
314,"GP","Goniastrea pectinata",2011,218.390090808073,222.953152675224
314,"GP","Goniastrea pectinata",2012,222.953152675224,210.673385030365
314,"GP","Goniastrea pectinata",2013,210.673385030365,188.816547040866
315,"GP","Goniastrea pectinata",2009,98.3073115329931,109.99398370151
315,"GP","Goniastrea pectinata",2010,109.99398370151,105.005721574
315,"GP","Goniastrea pectinata",2011,105.005721574,131.298220539287
315,"GP","Goniastrea pectinata",2012,131.298220539287,91.949018544559
315,"GP","Goniastrea pectinata",2013,91.949018544559,107.769258314466
315,"GP","Goniastrea pectinata",2014,107.769258314466,68.4406205246631
316,"GP","Goniastrea pectinata",2009,70.7614947965781,102.366059910833
316,"GP","Goniastrea pectinata",2010,102.366059910833,121.307918112604
318,"GP","Goniastrea pectinata",2009,121.15876802984,154.852844207983
318,"GP","Goniastrea pectinata",2010,154.852844207983,137.058766779103
318,"GP","Goniastrea pectinata",2011,137.058766779103,166.516738513035
318,"GP","Goniastrea pectinata",2012,166.516738513035,30.5326780787921
318,"GP","Goniastrea pectinata",2013,30.5326780787921,37.5838322624361
319,"GP","Goniastrea pectinata",2009,56.0576147472092,59.9498432418727
319,"GP","Goniastrea pectinata",2010,59.9498432418727,49.9300858851265
319,"GP","Goniastrea pectinata",2011,49.9300858851265,16.6124281635167
319,"GP","Goniastrea pectinata",2012,16.6124281635167,22.8948156605171
319,"GP","Goniastrea pectinata",2013,22.8948156605171,24.5379208600049
321,"GP","Goniastrea pectinata",2009,63.5143632978198,63.3700498280899
321,"GP","Goniastrea pectinata",2010,63.3700498280899,50.7767581961875
321,"GP","Goniastrea pectinata",2011,50.7767581961875,67.9242544533528
321,"GP","Goniastrea pectinata",2012,67.9242544533528,6.49581044793058
321,"GP","Goniastrea pectinata",2013,6.49581044793058,8.79940681441093
323,"GP","Goniastrea pectinata",2011,13.3516864898744,29.3054998805518
323,"GP","Goniastrea pectinata",2012,29.3054998805518,20.8484092652611
323,"GP","Goniastrea pectinata",2013,20.8484092652611,27.0689261556
324,"GP","Goniastrea pectinata",2009,46.7911975867313,44.8357061343542
324,"GP","Goniastrea pectinata",2012,3.22549979429728,6.99219738653034
324,"GP","Goniastrea pectinata",2013,6.99219738653034,6.97756442770686
325,"GP","Goniastrea pectinata",2009,283.20640923256,243.034477210971
325,"GP","Goniastrea pectinata",2010,243.034477210971,322.261075042964
325,"GP","Goniastrea pectinata",2011,322.261075042964,344.471687733049
325,"GP","Goniastrea pectinata",2012,344.471687733049,298.588522847822
325,"GP","Goniastrea pectinata",2013,298.588522847822,309.999184189381
326,"GP","Goniastrea pectinata",2009,133.580762736785,183.318775248169
326,"GP","Goniastrea pectinata",2010,183.318775248169,139.942018686049
326,"GP","Goniastrea pectinata",2011,139.942018686049,203.145582162222
326,"GP","Goniastrea pectinata",2012,203.145582162222,192.921955687441
326,"GP","Goniastrea pectinata",2013,192.921955687441,223.703799931214
327,"GP","Goniastrea pectinata",2009,26.1647415899011,26.441643225798
327,"GP","Goniastrea pectinata",2010,26.441643225798,36.643926169356
330,"GP","Goniastrea pectinata",2012,26.5651108440803,25.0705391980485
330,"GP","Goniastrea pectinata",2013,25.0705391980485,40.1445099324179
331,"GR","Goniastrea retiformis",2009,36.6031477856656,36.7043500489677
331,"GR","Goniastrea retiformis",2010,36.7043500489677,17.0238082003777
331,"GR","Goniastrea retiformis",2011,17.0238082003777,42.1157706669742
331,"GR","Goniastrea retiformis",2012,42.1157706669742,14.492465144411
331,"GR","Goniastrea retiformis",2013,14.492465144411,15.8307396264084
332,"GR","Goniastrea retiformis",2009,411.853206432149,450.410738313075
332,"GR","Goniastrea retiformis",2010,450.410738313075,446.440354893963
332,"GR","Goniastrea retiformis",2011,446.440354893963,464.453946829936
332,"GR","Goniastrea retiformis",2012,464.453946829936,492.584253866108
332,"GR","Goniastrea retiformis",2013,492.584253866108,381.292826920249
333,"GR","Goniastrea retiformis",2009,37.5069341380415,45.9809546181356
333,"GR","Goniastrea retiformis",2010,45.9809546181356,49.9989064755902
333,"GR","Goniastrea retiformis",2011,49.9989064755902,55.6637156182072
333,"GR","Goniastrea retiformis",2012,55.6637156182072,50.7588911329646
333,"GR","Goniastrea retiformis",2013,50.7588911329646,63.2969065296007
335,"GR","Goniastrea retiformis",2009,517.907488514658,651.898421845445
335,"GR","Goniastrea retiformis",2010,651.898421845445,375.985271881837
335,"GR","Goniastrea retiformis",2011,375.985271881837,314.925473904581
335,"GR","Goniastrea retiformis",2012,314.925473904581,333.674787704971
335,"GR","Goniastrea retiformis",2013,333.674787704971,412.987381405674
336,"GR","Goniastrea retiformis",2009,216.83408859194,221.887125281618
336,"GR","Goniastrea retiformis",2012,301.169439635122,318.41368545519
336,"GR","Goniastrea retiformis",2013,318.41368545519,331.585293322761
336,"GR","Goniastrea retiformis",2014,331.585293322761,346.600335119648
337,"GR","Goniastrea retiformis",2009,171.571272797742,182.685211513284
337,"GR","Goniastrea retiformis",2010,182.685211513284,184.25285410564
337,"GR","Goniastrea retiformis",2011,184.25285410564,241.082580179992
337,"GR","Goniastrea retiformis",2012,241.082580179992,240.817926964557
337,"GR","Goniastrea retiformis",2013,240.817926964557,331.418445133342
338,"GR","Goniastrea retiformis",2009,188.558189159223,230.94111153341
338,"GR","Goniastrea retiformis",2010,230.94111153341,260.47300577626
338,"GR","Goniastrea retiformis",2011,260.47300577626,234.766271154744
338,"GR","Goniastrea retiformis",2012,234.766271154744,252.540003318367
338,"GR","Goniastrea retiformis",2013,252.540003318367,199.517280888558
339,"GR","Goniastrea retiformis",2009,189.835843811609,102.943465510218
339,"GR","Goniastrea retiformis",2010,102.943465510218,107.542963141843
339,"GR","Goniastrea retiformis",2013,89.8770612930969,100.183814149071
340,"GR","Goniastrea retiformis",2009,173.495037223056,132.098305178818
340,"GR","Goniastrea retiformis",2010,132.098305178818,185.355286632256
340,"GR","Goniastrea retiformis",2011,185.355286632256,169.871806486721
340,"GR","Goniastrea retiformis",2012,169.871806486721,208.316235914146
340,"GR","Goniastrea retiformis",2013,208.316235914146,213.952869821483
341,"GR","Goniastrea retiformis",2009,457.394632737619,354.328198714851
341,"GR","Goniastrea retiformis",2010,354.328198714851,448.095805116933
341,"GR","Goniastrea retiformis",2011,448.095805116933,439.167842838341
341,"GR","Goniastrea retiformis",2012,439.167842838341,411.63200729898
341,"GR","Goniastrea retiformis",2013,411.63200729898,458.23192146305
342,"GR","Goniastrea retiformis",2009,177.679807282753,168.058860356732
342,"GR","Goniastrea retiformis",2010,168.058860356732,183.589987792876
342,"GR","Goniastrea retiformis",2011,183.589987792876,223.851862442973
342,"GR","Goniastrea retiformis",2012,223.851862442973,238.151572944707
342,"GR","Goniastrea retiformis",2013,238.151572944707,220.408939314006
342,"GR","Goniastrea retiformis",2014,220.408939314006,241.625398875218
343,"GR","Goniastrea retiformis",2009,182.641198205331,200.308560553297
343,"GR","Goniastrea retiformis",2010,200.308560553297,174.43376479855
343,"GR","Goniastrea retiformis",2011,174.43376479855,224.696348811815
343,"GR","Goniastrea retiformis",2012,224.696348811815,236.777763065046
343,"GR","Goniastrea retiformis",2013,236.777763065046,268.417476025581
344,"GR","Goniastrea retiformis",2009,212.135706735806,177.885185387802
344,"GR","Goniastrea retiformis",2010,177.885185387802,158.741960938117
344,"GR","Goniastrea retiformis",2011,158.741960938117,108.883687668105
344,"GR","Goniastrea retiformis",2012,108.883687668105,89.5160053802653
344,"GR","Goniastrea retiformis",2013,89.5160053802653,103.052988663659
345,"GR","Goniastrea retiformis",2009,196.699931879395,172.712456230228
345,"GR","Goniastrea retiformis",2010,172.712456230228,249.688925190175
345,"GR","Goniastrea retiformis",2011,249.688925190175,191.786758198662
345,"GR","Goniastrea retiformis",2012,191.786758198662,274.282661507504
345,"GR","Goniastrea retiformis",2013,274.282661507504,314.705724126545
346,"GR","Goniastrea retiformis",2009,192.944288832764,192.189832277899
346,"GR","Goniastrea retiformis",2010,192.189832277899,161.627529533413
346,"GR","Goniastrea retiformis",2011,161.627529533413,141.436367092888
346,"GR","Goniastrea retiformis",2012,141.436367092888,115.521439560762
346,"GR","Goniastrea retiformis",2013,115.521439560762,82.4095201782224
347,"GR","Goniastrea retiformis",2009,224.617494956888,199.003567654508
347,"GR","Goniastrea retiformis",2010,199.003567654508,149.040730887256
347,"GR","Goniastrea retiformis",2011,149.040730887256,171.662281585569
347,"GR","Goniastrea retiformis",2012,171.662281585569,179.4303422086
347,"GR","Goniastrea retiformis",2013,179.4303422086,202.948613834594
348,"GR","Goniastrea retiformis",2011,79.0655923119614,58.0065698722899
348,"GR","Goniastrea retiformis",2012,58.0065698722899,60.6670442796803
348,"GR","Goniastrea retiformis",2013,60.6670442796803,62.8976079747473
349,"GR","Goniastrea retiformis",2009,71.4394997043005,81.6134361449618
349,"GR","Goniastrea retiformis",2010,81.6134361449618,33.3130147464089
350,"GR","Goniastrea retiformis",2009,247.423339676202,235.800658924588
350,"GR","Goniastrea retiformis",2010,235.800658924588,252.065603750935
350,"GR","Goniastrea retiformis",2011,252.065603750935,314.624895680528
350,"GR","Goniastrea retiformis",2012,314.624895680528,352.817000651946
350,"GR","Goniastrea retiformis",2013,352.817000651946,344.680756334706
351,"GR","Goniastrea retiformis",2009,20.239774319589,18.6195940240099
351,"GR","Goniastrea retiformis",2010,18.6195940240099,7.13522990816056
352,"GR","Goniastrea retiformis",2009,239.924289580597,261.805527628273
352,"GR","Goniastrea retiformis",2010,261.805527628273,292.02405789169
352,"GR","Goniastrea retiformis",2011,292.02405789169,307.781989487931
352,"GR","Goniastrea retiformis",2012,307.781989487931,312.779329905919
352,"GR","Goniastrea retiformis",2013,312.779329905919,329.086826403187
352,"GR","Goniastrea retiformis",2014,329.086826403187,193.239934909924
353,"GR","Goniastrea retiformis",2009,113.794390628312,82.1247546420291
353,"GR","Goniastrea retiformis",2010,82.1247546420291,98.2994212382897
354,"GR","Goniastrea retiformis",2009,93.984945059378,156.154001092549
354,"GR","Goniastrea retiformis",2010,156.154001092549,173.350819119007
354,"GR","Goniastrea retiformis",2011,173.350819119007,191.234012485107
354,"GR","Goniastrea retiformis",2012,191.234012485107,198.436572813768
354,"GR","Goniastrea retiformis",2013,198.436572813768,227.410775793193
355,"GR","Goniastrea retiformis",2009,456.653583042674,508.400924332399
355,"GR","Goniastrea retiformis",2010,508.400924332399,504.185464464644
355,"GR","Goniastrea retiformis",2011,504.185464464644,447.243027290087
355,"GR","Goniastrea retiformis",2012,447.243027290087,461.41525216604
355,"GR","Goniastrea retiformis",2013,461.41525216604,551.995689805379
356,"GR","Goniastrea retiformis",2009,85.7772668491625,77.128768199118
356,"GR","Goniastrea retiformis",2010,77.128768199118,20.4387023186036
356,"GR","Goniastrea retiformis",2011,20.4387023186036,12.1153332677709
356,"GR","Goniastrea retiformis",2012,12.1153332677709,8.92302404944592
356,"GR","Goniastrea retiformis",2013,8.92302404944592,5.29148155113665
357,"GR","Goniastrea retiformis",2009,93.8453704856512,101.907392023926
358,"GR","Goniastrea retiformis",2009,890.025519752333,1062.38772229478
358,"GR","Goniastrea retiformis",2010,1062.38772229478,1180.4619204476
358,"GR","Goniastrea retiformis",2011,1180.4619204476,1221.90805172475
358,"GR","Goniastrea retiformis",2012,1221.90805172475,1529.61020893328
358,"GR","Goniastrea retiformis",2013,1529.61020893328,1732.32342117238
359,"GR","Goniastrea retiformis",2009,202.986737680393,218.114784435503
359,"GR","Goniastrea retiformis",2010,218.114784435503,199.086751490941
359,"GR","Goniastrea retiformis",2011,199.086751490941,194.592709985743
359,"GR","Goniastrea retiformis",2012,194.592709985743,202.0441053414
359,"GR","Goniastrea retiformis",2013,202.0441053414,197.909149815911
360,"GR","Goniastrea retiformis",2009,246.331943029854,161.638127005325
360,"GR","Goniastrea retiformis",2010,161.638127005325,140.559322457934
360,"GR","Goniastrea retiformis",2011,140.559322457934,131.295574616536
360,"GR","Goniastrea retiformis",2012,131.295574616536,87.7133298488959
360,"GR","Goniastrea retiformis",2013,87.7133298488959,107.822786351987
361,"GR","Goniastrea retiformis",2010,48.8526884357285,73.5384975581665
361,"GR","Goniastrea retiformis",2011,73.5384975581665,62.421448347089
361,"GR","Goniastrea retiformis",2012,62.421448347089,66.3962968448944
361,"GR","Goniastrea retiformis",2013,66.3962968448944,84.8642710429547
365,"AR","Acropora robusta",2010,4283.37807832055,3839.30581759233
365,"AR","Acropora robusta",2011,3839.30581759233,3987.57864252061
365,"AR","Acropora robusta",2012,3987.57864252061,3835.12702594006
365,"AR","Acropora robusta",2013,3835.12702594006,3940.4217293517
367,"AH","Acropora hyacinthus",2012,2284.0539715274,2362.6875101853
367,"AH","Acropora hyacinthus",2013,2362.6875101853,3188.41879826644
368,"AS","Acropora humilis",2012,130.395120754175,86.5818892900315
368,"AS","Acropora humilis",2013,86.5818892900315,138.842492657682
369,"AH","Acropora hyacinthus",2012,1632.37416038819,1687.95389407048
369,"AH","Acropora hyacinthus",2013,1687.95389407048,190.497015196248
370,"AS","Acropora humilis",2012,176.687027245336,196.785475420315
370,"AS","Acropora humilis",2013,196.785475420315,214.822368518943
371,"AR","Acropora robusta",2012,187.621675311776,232.814037744831
371,"AR","Acropora robusta",2013,232.814037744831,279.122549771123
373,"AS","Acropora humilis",2012,74.235375300429,131.596859609335
373,"AS","Acropora humilis",2013,131.596859609335,227.810816207812
374,"AH","Acropora hyacinthus",2012,3448.13524796854,3720.03024781508
375,"AS","Acropora humilis",2012,156.594883334353,151.200910595254
375,"AS","Acropora humilis",2013,151.200910595254,139.444275845627
375,"AS","Acropora humilis",2014,139.444275845627,127.174543345897
376,"AS","Acropora humilis",2012,78.5256072099836,102.260205333227
376,"AS","Acropora humilis",2013,102.260205333227,110.382793544008
377,"AH","Acropora hyacinthus",2012,147.319164155947,391.963165271814
377,"AH","Acropora hyacinthus",2013,391.963165271814,748.773124603039
378,"AS","Acropora humilis",2012,100.61746596661,84.9568958035916
378,"AS","Acropora humilis",2013,84.9568958035916,119.00409575054
379,"AH","Acropora hyacinthus",2012,5185.34126962131,5068.4359177679
379,"AH","Acropora hyacinthus",2013,5068.4359177679,4933.26604267965
380,"AH","Acropora hyacinthus",2012,472.545340853378,454.849369153858
380,"AH","Acropora hyacinthus",2013,454.849369153858,242.211737853744
381,"AR","Acropora robusta",2012,361.086351692514,358.737838663289
381,"AR","Acropora robusta",2013,358.737838663289,371.828576254077
382,"AH","Acropora hyacinthus",2012,92.6856922766273,258.1614401239
382,"AH","Acropora hyacinthus",2013,258.1614401239,60.9896271901014
383,"AH","Acropora hyacinthus",2012,6235.24600716309,7717.63342869289
383,"AH","Acropora hyacinthus",2013,7717.63342869289,8046.74483425897
384,"AL","Acropora spathulata",2012,474.298568861399,499.261029692172
384,"AL","Acropora spathulata",2013,499.261029692172,157.19465034985
385,"AD","Acropora cf. digitifera",2012,460.460340967237,428.317188159867
385,"AD","Acropora cf. digitifera",2013,428.317188159867,439.13475583009
386,"AS","Acropora humilis",2012,98.1791886751199,100.195423456335
386,"AS","Acropora humilis",2013,100.195423456335,109.395579731315
387,"AH","Acropora hyacinthus",2012,730.060495304561,733.794874339233
387,"AH","Acropora hyacinthus",2013,733.794874339233,556.910452406626
388,"AD","Acropora cf. digitifera",2012,388.700488499937,440.721186744193
388,"AD","Acropora cf. digitifera",2013,440.721186744193,437.158529567237
389,"AD","Acropora cf. digitifera",2012,313.664478462634,306.158998765078
389,"AD","Acropora cf. digitifera",2013,306.158998765078,296.473368727381
390,"AL","Acropora spathulata",2012,1198.56234910273,1347.60632936612
390,"AL","Acropora spathulata",2013,1347.60632936612,1525.55722997034
391,"AS","Acropora humilis",2012,199.16225126555,160.332924091891
391,"AS","Acropora humilis",2013,160.332924091891,160.955096468872
392,"AC","Acropora cytherea",2012,1889.14108040549,1874.68399885409
392,"AC","Acropora cytherea",2013,1874.68399885409,1713.87867146339
393,"AS","Acropora humilis",2012,408.947377922007,398.155971641678
393,"AS","Acropora humilis",2013,398.155971641678,438.078764133511
394,"AC","Acropora cytherea",2012,4083.16081619476,4240.65171904631
394,"AC","Acropora cytherea",2013,4240.65171904631,1314.40587335464
395,"AS","Acropora humilis",2012,55.9532692481138,94.5422993418128
395,"AS","Acropora humilis",2013,94.5422993418128,109.124459660906
396,"AH","Acropora hyacinthus",2012,5443.50478399589,6087.86978946843
396,"AH","Acropora hyacinthus",2013,6087.86978946843,6496.54492310705
397,"AN","Acropora nasuta",2012,436.476460013587,372.912587669215
397,"AN","Acropora nasuta",2013,372.912587669215,380.274951266906
398,"AS","Acropora humilis",2012,189.665408558904,200.870583944196
398,"AS","Acropora humilis",2013,200.870583944196,179.320664976794
399,"AN","Acropora nasuta",2012,276.077950927933,351.254472403948
399,"AN","Acropora nasuta",2013,351.254472403948,377.502332553751
400,"AS","Acropora humilis",2012,290.60309526271,229.044810719002
400,"AS","Acropora humilis",2013,229.044810719002,190.44431112327
401,"AD","Acropora cf. digitifera",2012,813.812922270198,818.850939878771
401,"AD","Acropora cf. digitifera",2013,818.850939878771,965.064161288417
402,"AS","Acropora humilis",2012,331.670148521645,336.425084236207
402,"AS","Acropora humilis",2013,336.425084236207,304.964947749897
403,"AN","Acropora nasuta",2012,2341.94405187088,2251.53653070633
403,"AN","Acropora nasuta",2013,2251.53653070633,460.890664230115
404,"AH","Acropora hyacinthus",2012,891.980495962777,935.030153493989
404,"AH","Acropora hyacinthus",2013,935.030153493989,1000.24147082142
405,"AH","Acropora hyacinthus",2012,2809.27059396246,3457.2057115257
405,"AH","Acropora hyacinthus",2013,3457.2057115257,1888.76913103543
406,"AS","Acropora humilis",2012,32.3397941924787,52.6610083292171
406,"AS","Acropora humilis",2013,52.6610083292171,102.836128895371
407,"AC","Acropora cytherea",2012,488.090062996507,785.911353079955
407,"AC","Acropora cytherea",2013,785.911353079955,1074.06179451946
410,"AL","Acropora spathulata",2012,1012.32873712094,968.379590060852
410,"AL","Acropora spathulata",2013,968.379590060852,853.191220853937
411,"AR","Acropora robusta",2012,722.362124126123,421.507809682187
412,"AD","Acropora cf. digitifera",2012,1193.52555172791,1301.03471593053
412,"AD","Acropora cf. digitifera",2013,1301.03471593053,1309.82351171825
413,"AL","Acropora spathulata",2012,306.839227508542,231.165210491424
413,"AL","Acropora spathulata",2013,231.165210491424,251.652236391999
414,"AN","Acropora nasuta",2012,394.864845770158,551.425481907658
414,"AN","Acropora nasuta",2013,551.425481907658,738.336256393392
415,"AN","Acropora nasuta",2012,106.30717360054,212.868239641192
415,"AN","Acropora nasuta",2013,212.868239641192,53.4151712300456
416,"AC","Acropora cytherea",2012,5266.16460833893,5609.58038559572
416,"AC","Acropora cytherea",2013,5609.58038559572,7882.22445867278
417,"AR","Acropora robusta",2013,355.355541729779,376.585336189518
419,"AC","Acropora cytherea",2013,2083.19918289539,3191.08264258946
420,"AR","Acropora robusta",2013,795.991204330881,286.643715259309
421,"AL","Acropora spathulata",2013,413.249137681673,573.507749077183
422,"AS","Acropora humilis",2013,56.7860098572136,62.8597029373149
424,"AN","Acropora nasuta",2013,530.506005874534,369.736681937891
425,"AS","Acropora humilis",2013,217.732571909328,225.292005773043
426,"AN","Acropora nasuta",2013,131.357276921668,232.665804132999
427,"AL","Acropora spathulata",2013,558.387637754048,607.928991850614
428,"AS","Acropora humilis",2013,295.079589615214,439.629007536405
429,"AL","Acropora spathulata",2013,1036.57832775352,1158.48271510412
430,"AS","Acropora humilis",2013,157.341012670192,184.053356898088
431,"AN","Acropora nasuta",2013,447.629843769713,391.387386463423
432,"AN","Acropora nasuta",2013,32.684475898701,19.7168052347264
433,"AL","Acropora spathulata",2013,96.0712952143899,179.878675469505
434,"AN","Acropora nasuta",2013,715.599409926003,840.895346816024
435,"AL","Acropora spathulata",2013,991.039474083396,788.878812992347
436,"AN","Acropora nasuta",2013,464.420373845069,295.649848027228
437,"AC","Acropora cytherea",2013,1838.97540499375,2159.44413034827
438,"AC","Acropora cytherea",2013,5479.19606488864,4102.31696187612
439,"AH","Acropora hyacinthus",2013,371.034995340685,699.753397198328
440,"AH","Acropora hyacinthus",2013,1061.45697523038,1262.06302285618
441,"AC","Acropora cytherea",2013,1002.4278085261,530.922026160561
442,"AC","Acropora cytherea",2013,607.932937404324,1324.84267240916
443,"AC","Acropora cytherea",2013,2917.81235496057,2557.64473088872
462,"AL","Acropora spathulata",2014,602.432846600062,178.174474371493
473,"GP","Goniastrea pectinata",2014,50.627082632717,96.8969654427691
484,"AR","Acropora robusta",2014,1925.28330643723,633.852644074602
